responseid,wgt
R_2Bo1R24fyurRbnF,2.1763437
R_3hmvGjVk4pSA6Xw,1.2321651
R_3lWaiEc4Zs2lwoz,1.3213356
R_2w6tQRRejotOZPH,1.2421882
R_2EzeHzeL2LTuq4e,.77083498
R_DqtdTNfhi7bdYBz,.4505783
R_3j7n09DQCQWyh9k,.42706639
R_2yrvmxmnr8TNcz2,.42706639
R_PRKUMUdMx5zcX4t,1.6163085
R_3fxZOznXI37qOnt,.84909785
R_2wBqKNv2Hho1qxR,.47042638
R_3jdpSreMoLojvd1,.75627214
R_1IEOgO8TknX0QQZ,.84909785
R_AASruB7PXXXZpqp,.75627214
R_vDeJSslwrBUFQyd,.87589842
R_1FCYqBKaJQW7XHZ,.77083498
R_DzTRPZi6j2UbgLD,.47042638
R_2fs9BkfrQmtcNOe,.53868645
R_3HuXNY3RW8t02bV,1.0029936
R_qKDExUC1ZlL0ZPj,.78014243
R_3OozqF7SMFHFIGQ,.47042638
R_Xk9Tkwn8XF5AiKR,.87589842
R_xa4wgh5JHaZJyuZ,.87589842
R_3WbrxvXTA0LXeaR,1.1437401
R_2c7Q0xMMPt4sOXx,1.1437401
R_1GWif2wUiMcIahO,.79516536
R_1QrQl56aLmkif1d,.67315763
R_2UfKQVzWAKfGxDL,.47042638
R_2VOv2kt0656ah6Q,.74150324
R_1ezakiiroti7XvP,1.2849567
R_8qfVO5xIfZdgiUF,1.9651426
R_2pMHyF9uOSY0sTL,1.3096992
R_11WQfO0c8l47f7H,1.3956149
R_3HOBxtExacB5hYK,.74150324
R_3HXHkrQB7ePzxE8,.87589842
R_Y60pydXhDwywOu5,.74150324
R_2cvkuRqu6YvFf0O,.51595819
R_yWTm2iL7CO98sox,.74213773
R_2rPyiT5ctdsh0vM,.91054606
R_ePfJod8ynbF2Bgt,.79516536
R_ebupAAQVm3iVf57,.79516536
R_3HSmz00Xzi9a7Y9,.78014243
R_1C0VREySMY9eysu,1.2598633
R_2QrpMEkkXvNzAOT,.84909785
R_3kvNcZoziEq0hwn,.47042638
R_3fUK6SgKsPmkPkq,.67315763
R_xDfJg18jwRRutfr,2.9713471
R_3HM2bEUktD5ihxv,1.2598633
R_RnsOIEp0MtliZTb,1.4426728
R_2TXcEnemEzhpEF3,.42706639
R_puPqcPMWAsRWjWp,.47979605
R_3Gp93Ns7pGwkJLw,.38144299
R_7UnIGvxFpCarAxr,.67315763
R_3fphpUyJGiFpezm,1.6163085
R_3Pk69yJE2CocmqD,1.3096992
R_3hxUPIdnKNXqBZc,.79516536
R_3NzkZbMbWGpwPeP,.42706639
R_3oGB2KyTGm9O0TF,1.2430423
R_3QSGrneD4acXeFH,1.6666859
R_82qbhe8iNJNfhkt,2.8032799
R_bd8LMJ8PggLXVkt,1.4528114
R_2b1xI297Gwu6rQf,.78014243
R_2SxxF6neBfFh00O,1.0029936
R_3Jaz4BTFMQ2HQyp,1.1814756
R_1FlEMRBlZzjkYkb,1.0029936
R_tZ36lsVCzp5rg4x,1.1221315
R_afwRAGSCIMif9jb,1.0029936
R_2xJBoEc5WDP31LB,.75627214
R_2fxSmf1uBkHIgN9,.77083498
R_3iwo9Ax5SipA6sv,.74150324
R_2dp4ZcxUN3BiGYR,1.0029936
R_2t9hK7OsyulAxWX,.42706639
R_3R3BGZJ7WM7G6J8,.71792978
R_2bO7I0JyBnTQe6W,1.4426728
R_1Kd0KRRYCR2ghHh,.75627214
R_3htBW87rlK7UKRi,.47042638
R_3paRDsvJmvqXcol,.79516536
R_3lDKAHE8sAAtwls,.51595819
R_u1HdQxFuanSs8Kd,1.2809066
R_1mqGTO3FPHNJcCG,1.0029936
R_3PHwmgVQO24xZhV,2.9951148
R_27pNEayMZJ6ugIu,.47979605
R_3fQ25YDsqgV0LEu,.91054606
R_3ey8v9FlSuLxEmz,2.8241811
R_1DtZhlLDYb1OXI3,1.1221315
R_1n8QYIfwW5NdtpJ,.75627214
R_3QSiWfQzvJOyQ7K,.79516536
R_2tOOzPkAjjRIIPn,.53868645
R_TdQNVdqGMZAbDDr,1.0769507
R_1NwXilheCxPz8lS,.47042638
R_2UhjodbOZaq16Rs,.75627214
R_2X4Nb0CvQThkD5j,1.0974615
R_3DpyUO724x0SrFx,.66044039
R_3qqHuYtC3HUFFbU,1.1949213
R_1lgkdMahWE45Gpv,1.1824869
R_2qfLowOl4Q41n7i,.75627214
R_2znELN5ouRQov5J,.41899809
R_3HXimtCdG9bRbk1,.75627214
R_ZabUuHHfNenjjX3,.53868645
R_PGMkIqLQo9CDKb7,.87589842
R_DuX6rxPz9YEnHbj,2.1728671
R_5AzCEmzXcuaWyCB,.79516536
R_1kNakJNjAqnRyEF,.91054606
R_24iNLvwHGzlM9f9,.77083498
R_82p6bKeQT2iB43L,.47042638
R_VR91fbd0Y8N29hL,.89334339
R_1Qz2wIx9SmTG9Bo,1.410956
R_2sSZeY9MyqyeGYM,.67315763
R_b2h5XqGwLyvYfYt,.74873108
R_xFLBxr6stvBEq2t,.66044039
R_2TAk7sxqwtWecSW,.87589842
R_3lyRg25lmSgyCKO,.89334339
R_eDlOxF1pGwNelz3,1.9651426
R_30vLaTABZtSiUeA,.38144299
R_r1P9zxIvKsIyJeF,.84909785
R_2bJfeOihriyeSoO,.75627214
R_3MQBjQZtAbKE9jR,1.4426728
R_4Ob89KlL17I6JON,1.7879515
R_2tKk78w9AJH8Wq6,.79516536
R_3IWV8NvY8RWC67O,1.2963722
R_3NR4t0L431fx6zl,1.2849567
R_3PF7fV4eWtMQEvf,.79516536
R_3JJmxEWDUFT2XG4,.74150324
R_12tX6HYZCZTU7yO,.77083498
R_dm7soYBmzih2Kdj,.84909785
R_2zZ0p4z0eXvMKzH,1.2809066
R_28U00EgaeDftW3L,.87589842
R_3iqISDx69POOddX,.89514208
R_3GCkX3mVPS4xkam,1.0029936
R_29nphS4xa8iem1z,.51595819
R_1Qnk3TmK384CShT,.91054606
R_TsVXuF0pI37DN5v,.74150324
R_byE2UeQ4Cb3VfzP,.89514208
R_2zVbmSJlxHMy16Z,.89334339
R_1qdHUBvSb4TBzKg,3.0639312
R_1H6PRbJABZbcq8F,.41899809
R_25Y41GYcFmeHaJW,.4890351
R_24uuzrs9lBbfCsA,.79516536
R_26nkPtNkCM8RWZg,.75627214
R_27PuOQ4W9OWvWyo,.84909785
R_zZqIyvE2JY32Nbz,1.0029936
R_uekH26EZ71izfxf,.72609931
R_2rI8MK6GNqmUl1K,1.4396087
R_d41Y3w6Sc3wlZLz,1.9651426
R_AyyM652ud8qRIY1,.4505783
R_3MtCIKYcbuNmS6U,.53868645
R_qUQwtYUF7R6xe9j,.79516536
R_2CZdhgZ1grhrZUW,2.9951148
R_Xh5FGGTgwSMW08h,.66044039
R_1FEw2e6UqXfUSqK,3.0639312
R_3dSxf5lujOVc7fZ,.77083498
R_24DfEWQjgWlxq2l,.75627214
R_1ClsoIqVHhN01x5,.4890351
R_3e9A9pWRyiWI34P,.86808485
R_1gA2pUkg4N6Byiq,.91054606
R_3OpgX3MbugO9Rev,1.5130653
R_1QMAo5v2EXz9wgd,.79516536
R_2U3CXDJq4nap4h9,.42706639
R_O1MBYLiZ6Ck0N8Z,1.0974615
R_yQrdhQ3jfY49WEx,.84909785
R_3qweV2I69bjwKeb,.79516536
R_10VDjXYIMqfweCY,.42706639
R_1pogw92EOOjeVyv,2.9713471
R_5Bdyt68dZoGSOVH,1.3096992
R_1kNSNTqrwhxIrrV,.79516536
R_yjzOHlfX0qLIfXr,2.9947317
R_3npDGfbs1QAUeqw,1.0029936
R_2WCHsAcQ1QaPfi0,.84909785
R_1DA55Q6NMwNWtGG,.41899809
R_3HIJMQJntxfjZlJ,2.9951148
R_AigXcZySzbAt5DP,1.2963722
R_3qxQWeOIBXEJ9W7,.47042638
R_3Hhkr3AjZhdZ7sC,.89514208
R_3e4gwgHdOgQjUbm,.47979605
R_OHALX0yqUQdRsGJ,.53868645
R_2uNvQVXVIYEMq0G,1.2321651
R_1OIvsfa6kKTsq3j,.74150324
R_2uwUyGbQeihjMCU,1.410956
R_3dMlUYfNtqvE3I9,1.2430423
R_SOG6AtlyeGaFfDH,1.0029936
R_3P6pbDwyC7ezOXo,.84909785
R_21AK2TJXqVrkJ0v,2.8032799
R_1pL2MoXx1VQ3CYl,.47979605
R_3Ny8uF2DgyLef9d,.47979605
R_3E0kTutXb8gR8UF,2.0473883
R_2P12SE94q4xR5DM,.47979605
R_2Qifnx4PeTHE61U,2.9951148
R_3Ry0ROKDANqc0o9,1.0029936
R_3dMHRPzNfnewi89,1.0974615
R_9tSZFdOc82YleCJ,.47979605
R_DvLn10wfCgiXE2d,2.8032799
R_1oHcX6GhJf1jChW,2.8032799
R_sO7VLIhDUpdMTN7,.75627214
R_1GWwhhI4Bn4x7D9,.41899809
R_2y3jfdtdBczVmid,.43679139
R_86cWpLrY8OSOr61,.47979605
R_ClCua0bJWmTwAWB,.47979605
R_D811XGQgM2sHGUh,.47979605
R_1QuRrIoy5usYrDP,.47042638
R_Bx00f8gBbbKBMS5,2.1728671
R_UcMa8zRgFLdm4wx,1.4528114
R_3pnIYGYYTduKudX,.77083498
R_801bqI0K4PLkG3v,1.410956
R_1ohWLY45BDIR4nW,.47979605
R_3LgPZl9yHtWQ00f,.47042638
R_3rAS7t3O18eFUrL,1.410956
R_tXw45Jxt2OxWvZL,.77083498
R_31HOTgXincPr2CF,2.9944079
R_25LSL5zSzf3obU2,1.2321651
R_1Caa6dAoiF6DXII,1.410956
R_2co0JL8JyT1NKSm,.43679139
R_3CJbmFcUL8GEqqW,1.3096992
R_2DY8FY3tjnJyeLX,1.410956
R_3kNzf4Z6c6jdaDO,.47979605
R_xECq8uaSBlF2mRz,1.4528114
R_prPM4PlkaM1dfgJ,.66044039
R_1pKX4f4dz2hqC2c,2.9947317
R_UgudCOd1QbEH5xn,2.8032799
R_2pWaHHxOK3jv2ax,2.9944079
R_1KkkYX9CC7P5yQs,.51595819
R_1jU6PpUj2JidI3V,1.410956
R_2uVr2GRwI7DQERY,1.410956
R_XS5eghWu5VpObK1,.47979605
R_SH7Nh1qaZhC1Rh7,.75627214
R_1OIWq1MuaB44WNe,.74873108
R_2TBPUht7UKXBNoO,.47979605
R_1LOm2J6wV3bBlQB,1.4234111
R_1LFPss1hXqBwKil,1.1437401
R_3Jf2JJ9bxYCLX0i,1.7879515
R_PuIWg1crVBS24ox,.89334339
R_1dowVnI2ZgKLfrb,.53868645
R_D2lPqI9VKfFuBO1,.84909785
R_tPTaOx3Z0DGVNxT,.53868645
R_2X1LwHrIyxcHZcE,.87589842
R_2ZTV0uKVSTpYcpW,.79516536
R_3Dq0CXAnDnzF330,1.0029936
R_1k08h4RHKrifhGk,.84909785
R_1K22cAyMJMMk5ev,.53868645
R_1IMFMytxl493HnM,1.2598633
R_CdEVmy8PpSwJJxD,.74150324
R_2DXIkOPyPlYk9WG,1.4426728
R_2dgKXgurQbk7zse,.84909785
R_1mVrSfETo6kms63,.75627214
R_30let6eEXq18c81,3.0639312
R_USJI1ISYUg6Z281,1.3096992
R_23aALWH179K1QRK,3.0639312
R_3rMMUBZWuTcpRTe,.78014243
R_28Hc9oV9EAHTLSB,1.1437401
R_1imIlEeg5xboNJ9,1.7161273
R_3PnMWJh5yk0WjZH,.67315763
R_1C72C686fplxt4t,.79516536
R_3eqP1rcOyGeqr6M,2.0935304
R_3ki9zP1I44EXXi1,2.9951148
R_2QYDj5Q96sUBdME,1.1437401
R_vZFiIMTCd7NWm65,2.8032799
R_1g60LPDrXhz5cFa,1.0029936
R_1dsg4AEbjK2hMXd,1.2321651
R_8HdLVrpIE2iVUuR,.47979605
R_2uL3m6iC5uOLJEL,.79516536
R_3CTwmNeOCFHqpji,1.1437401
R_1jwjUUKd3VSTRA4,.64809698
R_3rPtHo3w0QWxH0N,.84909785
R_tVutvzecwzhcHTz,.4890351
R_2QEOOqNtF0p6BAK,1.8223808
R_3QLQ8ePxhL12uWK,.43679139
R_1jq49IhadPfjeYT,1.0974615
R_3nl5rVvVuKtHTNf,.75627214
R_1qb9UNodFEIH8kn,1.7161273
R_3dYx2xKIMQLWsml,2.9951148
R_1DUvtYg6yih7IQG,1.0029936
R_qUvKYDChD7MhOQV,1.0974615
R_3kkclAaALq1IKFv,.74150324
R_3fZsY9BJnasWcmC,1.2598633
R_1i8cxgbh7LMZWhA,1.0029936
R_3pgwTGMnIDLjaQ3,.47979605
R_2arYfjBY7el5S9X,.79516536
R_3dLWFZg37AJ5VKX,1.3096992
R_TqtqNuqtNYVNdRv,1.3096992
R_2TBNlme5WJaFFyj,1.0029936
R_333b2dFrs0xoLMA,1.4426728
R_TuRwdK0X6jCGCpr,1.0029936
R_31ADYeW0pkPJTgk,.4890351
R_2cjdSnrksRJdX1s,3.0639312
R_Rf6gtjflxYaVTXP,.75627214
R_1QxYWwvdXbEcbJ4,1.4554906
R_1jTJLwARCbh6tyE,1.2813962
R_3oGjE1MLrfZSRHC,.47042638
R_1LTYQdd4hqSq7ha,.74150324
R_2xPO7ZpPSzrc8Yj,2.9947317
R_9nLN7IGcWP1bcid,2.9951148
R_W6S8OaWgOhdgvu1,.75627214
R_AzZEwUFqyCsaFrj,.87589842
R_2YtWRIg6aQdQBuD,.47979605
R_0D0Qad7CZVisHTj,.89334339
R_124RT1agZuqhB2I,1.2430423
R_1d6z7zVOuyG24CY,1.0029936
R_bNMlQ293YnhWS77,.41899809
R_3g7SkUnfG28lQwn,.84909785
R_10uxibu1iSVTE2b,1.2598633
R_2BA731rxrc8aRfI,1.1437401
R_1rOEzsP3deap7Ra,1.1437401
R_32MlyDGNbQfoK8z,.76448423
R_215NWdAC0jVAEiH,.75808465
R_3GlmR0wk0xnYSWS,.84909785
R_1gnLe9R4XYvFqta,.86808485
R_2f2JlIGIhEENT9e,1.4396087
R_1Nfgf5oWzabofc6,.87589842
R_2rwkY8W1Oxt0iaS,.79516536
R_2YF0bBhwoGfoshZ,.47979605
R_TdpTXjfLcagTStb,.79516536
R_2ri6ozRWZy13kzH,.4890351
R_URzZhf8JMz0jT0d,.79516536
R_3nMfhQwPKpSD8wt,1.1437401
R_UR6mDxRUQjlViJr,.79516536
R_DHkv2fAQmZOC0eZ,.78014243
R_6Vw8IEpXUHXW8lX,.84909785
R_1q24PE4vNVagZ9Q,.67315763
R_3JDYTueVWrt5Uz9,.77083498
R_3hDElx6IY6lRTNp,.79516536
R_3jeCxrj1l2L87d7,1.3096992
R_1GPKpSrlr9tCCKL,1.2598633
R_2pW7VaCDNnPfEZg,2.9951148
R_2rolRiYPcZtpAR2,.84909785
R_2SfBubv5JYLeMEM,1.1221315
R_215tZ0uwICNdlTt,.87589842
R_1N8NVocomFeie8l,1.2598633
R_1QoLAPHPAfg9k82,1.2598633
R_3DwF7Hd45kxjgtA,.53868645
R_vwR4K44DgAhRj7b,.47042638
R_1CBdGLBwuOKFJEJ,.66044039
R_3R1RiuIqdSOoFMr,.67315763
R_2WDuJrh1Jj0dBfO,.4505783
R_3GpJR4nshtHY489,1.1437401
R_3PoD4VFx8iXsGka,.87589842
R_2brFG8n1okWuChb,2.9713471
R_2WAxFy98nJXGPnv,1.2598633
R_31jtvBZ3IeVrQxa,.67315763
R_264OEZ38YFE4qJt,.79516536
R_3nfkupTWvclSYT4,1.0029936
R_1Gxp0QixL00Vvrc,.91054606
R_22K5rZhSnit7uGg,1.2598633
R_riDImXvOHvtkoRH,.84909785
R_3FICIsBs83SUuU0,.87589842
R_wTz8TcsMUaqk2Up,.84909785
R_1o7OnscrSDmF2UR,.75627214
R_3FOR7HOSc5mtuT9,.43679139
R_3fHu4fXRNHVpDeM,.84909785
R_28S8tosj09dIdxk,.75808465
R_3iOkFa2RiTq11li,1.410956
R_3kMOouS9nSegT5A,.4890351
R_3I3kZe1qgFcDmsP,.75627214
R_2ffcfBbLBZtRXV3,1.0029936
R_2ah3tozsaoljQAk,.79516536
R_3KUQCxKQAFDzLgg,.47042638
R_3RrOgf6XmOV5GZc,1.3096992
R_0Ul0EbOlzrgCDtv,1.0029936
R_2Vy8VLtjXel4gx7,.87589842
R_2xRkjAMOtnO60dZ,.53868645
R_3g166Tvi1BWDGWV,3.0639312
R_3GvQM8UTW9fYjqP,.79516536
R_1LuHj3DjHxebe6t,.47042638
R_1LGtAihIeH6BKvg,.47979605
R_V53BI66yMUsbiYV,.91054606
R_em5DCVbwg10yDoR,.91054606
R_2saLP05r5trsW3g,1.0029936
R_1fjh3kbsCbP47qr,1.3529117
R_20SDdDj8jCoLkOT,.77083498
R_poCOf3SbGzT5aP7,1.1221315
R_2TRk9Ke9SSUozK3,.79516536
R_1P6KHmC1iiBULAF,.84909785
R_cu7TSyJM299kMP7,.67315763
R_3PMOk6zPRnjXWfa,.29999974
R_2xWba6zd0h9QUKc,.87589842
R_2tm3spSDJxg7Pb6,.67315763
R_pR8h89HCynE1QeB,3.0639312
R_DpdZdtbAtmFzC3D,2.9947317
R_2wdj9aZMEKDJINe,1.6163085
R_1ONXKBwGKOZp24F,1.0029936
R_3I50W0sTvz6dgYz,1.2430423
R_OByjE2tg9WG97cl,.79516536
R_2fH62fAsyXzwqpD,1.6666859
R_1CyHxsbxdbK5REn,.47979605
R_1FQG5rN5xhiWqwe,.87589842
R_2ZUD4sCImmB4zFM,.84909785
R_1OxHqUkVXg91uaf,.67315763
R_eA4mV3VkCm6TxqV,.74150324
R_aXczVb9qeHTlbGN,.47979605
R_3HGgbyMBjQG5ekN,.42706639
R_DP3nvrhfa8UT0nn,.41899809
R_1g1qpnN4dWwtudm,1.1437401
R_2tAr6hNuYnG9pYd,.66044039
R_1Cy91mXzIQRFvNU,2.9713471
R_31iSVeW9zPwX9XR,.77083498
R_21t76KNv4DNgRB3,.42706639
R_vvtbLTthFe4gNJ7,.66044039
R_231aJAWGdkzBuHy,3.0639312
R_27QAk2k8lWcbzLz,.53868645
R_4UzHU2I3zvuhOc9,.47979605
R_xa4DFneBctOHhqV,.67315763
R_1kMsRAWgRIQuYe5,.67315763
R_YRfhvIjPVmnYPcJ,.87589842
R_1Ow33BrsMUD5Kvg,.42706639
R_Op2lUZsQLaDiGPf,1.7161273
R_9QYsYlIJ37YlnaN,1.1437401
R_2ZCVt6iIIiDjzoX,1.1437401
R_2zx53JUleqM5pvs,.74150324
R_1IB5gt3c8BNvIpi,.87589842
R_3QKINTWifbb8ghX,1.2598633
R_2cnHwiCGGLa8nnf,.78014243
R_2AWgOJRMFKtlwvG,1.4844801
R_1MVQey6OM5TlrZM,.91054606
R_1DCrD4PWQLJKsRu,.78014243
R_2YJ0L1apRYHv3jB,.74150324
R_2Qgof2YL17hNU73,.51595819
R_3gRUeOJkywfMs40,2.9947317
R_XSzJtP7dMq27sk1,.47979605
R_308jTlzTzaDVibF,1.1437401
R_UXCN8DqAr5wPeUx,.78014243
R_ReGA0pzlhHQGweZ,.64809698
R_3NV3f2vaHTWnZcU,2.1728671
R_xzur8w8ZTMzc6hH,1.1221315
R_3sctnOfDQV7KWuL,3.0639312
R_vD2T1oRRdfjxBIJ,1.2430423
R_116CoqpVVxk4mQZ,.53868645
R_3NHYLvbRHPP8Abk,.53868645
R_1q3dKx4FZRIKbku,1.7161273
R_30oD6Aw5RJfm480,.67315763
R_2eXSaMNrics8sPi,1.7879515
R_3OjgVlj0BMYpzsv,.53868645
R_3nD9MUo5l52b2mB,.47979605
R_eFGhwt9LQH9TAEV,.47042638
R_2ydV3JjTQhoBFIy,.74213773
R_2fqjWwC9rfcYbvU,2.9713471
R_1gjflY7yViV4FkW,.74150324
R_r22TXq3unC2AdGh,1.7161273
R_stIiEFrHRyVv1GF,3.0639312
R_2wcpC2JvDDYJTeC,.78014243
R_1Fhtu2bMUds2APs,.47979605
R_2vbP0AH9RnuoS3g,.47042638
R_2xPMT6oJLvNZATE,.53868645
R_2SDqA9687G8s6OS,.53868645
R_2TvpAlnyxH5U4IM,.74150324
R_XTjIOFttUeyeeZ3,1.2050077
R_AH6UYq4RJ95ICOJ,.47979605
R_WoiEP55lz1szPk5,.75627214
R_2WNBFEqt0IoxLhv,.53868645
R_1IatcyvdOYFmyu3,1.5958486
R_2UYMxnOoE55Mp3a,2.5154345
R_2U5Wf1hxzjzCHeK,.78014243
R_3QDUfwLxEUJJrQG,1.1221315
R_1IN2QVmDoVGKUMv,2.8032799
R_2OUqX6PGc2PGB9E,1.9651426
R_1CKgsCYzjLyWawH,3.0639312
R_3PaYSpnOxJSSPBJ,.43679139
R_1mWouSQjbHU160G,.47979605
R_3erafZRAuqaS2xy,.74150324
R_11YlytsTKvBTnM7,1.0029936
R_1jWjB2dHWFB2hfg,.47979605
R_3ML7HKYOoTSBJKo,1.450821
R_3s06cvJqVkGcb9n,1.2430423
R_BKU5DRZDIHdjWxP,.79516536
R_PweIanReHLApYK5,1.1437401
R_2s4lAWELA1Ogv3i,.74150324
R_1oaNaUpYOWhV9Vo,1.0326467
R_2yec65ocTLKTmFY,1.2598633
R_2zURdWBkeu6FQrC,3.0639312
R_1gdmYgo2V0pDRhx,.84909785
R_p0Hv9GliyFdAX1T,1.8082976
R_2q41W7dPIDma3ni,.74150324
R_3RkfB2rQQaAcD7n,.78014243
R_2ccETXMCcey6MwI,1.4426728
R_1HcL4WRscj0G2SC,.47979605
R_UiNrXYC4m1bHWQV,1.1824869
R_2Ugb8bkTLv0EypK,.87589842
R_1hM7OcD8P9KzZw2,2.9713471
R_3oIb7RLRe7xtvg7,2.5154345
R_3GDO16RSHsD7LB5,.87589842
R_3I3HkMIn2MJqaZE,1.2430423
R_1GH7MlHKGldNgXq,1.2430423
R_3sdyJpajts6QWMH,.78014243
R_1opwiZ9lZlm6ivK,.74213773
R_1C2eVhxvb7PUpFl,.74150324
R_Dwoqij6ECFKUSl3,.63384867
R_pKJWfxRwaefDmrn,1.2321651
R_3I4P5DHRSXjp36z,1.2430423
R_xDBKsnCcRxXj3ln,1.0029936
R_2YnX7nvY39F8kCT,1.4426728
R_25tjAPUZsEx4gIO,1.0029936
R_1OxJdqO36Q6XBMJ,.79516536
R_1ITz1UmslhiLTtO,1.3683081
R_bjc62OzEwyTeGJz,.72609931
R_2yftjW6SMBlezXF,.47979605
R_12cpWnB2KZeytYn,.77083498
R_2cnfU3FogWbnM9d,.47979605
R_1GTFoT0FrCXuU5Q,.69596303
R_2COiswVJ7eoG1um,.75627214
R_2UYsZjln85TXT1g,.53868645
R_1M6TCDwEgaQ7fNz,.74213773
R_2rOxEeOJFRjSGSt,.66761166
R_2ax01jiH3jCCgaN,.53868645
R_r8xiFsN5hsv1Dfb,.66761166
R_1dzcB6jYlCHi2GN,.77083498
R_2VwGcJXUZRZ0A85,2.9951148
R_1jVXs1EtP68yKv5,2.9951148
R_1f8lnpFwEO4hkj7,2.8804324
R_1GBVPRd5c14RdK0,.82210338
R_yKOPVSjFosPfwOt,1.2598633
R_2c6OXMGh1tvnlo5,1.9651426
R_2QYQIbesGCMV3s8,1.2598633
R_1pX8D6BlvMBsJ4K,1.1437401
R_7Vd19sfg8cMlrd7,.47979605
R_3DfpcEg03Cihwm5,.47979605
R_33rm43TssAUpccp,.66044039
R_PYSc5P0B2sbMxpL,1.2963722
R_5zoizsn0WVijfhL,.75627214
R_ykWSToB4SO81e6d,.29999974
R_XMyI69dMZ9wAYqR,.77083498
R_OHGCYEh0qRlGU6Z,.47979605
R_2bZQfpXE6seIEQs,.75627214
R_2wu8DNsHEsYStZT,3.0639312
R_T88vOf94JOKoKaJ,.75627214
R_6lCUAEtzSRFlH21,.47979605
R_2X5nAG2C3Uo0DgV,.47979605
R_2aXo7XKjn9Qxdad,.77083498
R_1C7mxhhH8RCOri9,1.7161273
R_3HFg6rCSZ4T3MJT,.84909785
R_2pYOsrsxoWD2T5y,3.0639312
R_1hFrhEzloCJh7hm,.78014243
R_qPdSzVEbuLG19Yd,1.1221315
R_1l9LjNl39ZM1tl9,.67315763
R_UT8rGhhL53jjAc1,.77083498
R_2xMgfoSsuaTUjzK,.4505783
R_1jNW4tiKeTK4AsZ,.87589842
R_1CwkkpIIVwyTz1M,.43679139
R_2VyDoDcabRLBJ86,.77083498
R_cS9Q90DGR0YdBOF,1.2567066
R_2ZTGsydlXLNhbfK,1.1221315
R_pGHhNg5TBfhlAzv,1.4426728
R_1fkMUNqbxXGe5dq,2.9951148
R_1CjwbHAJ12vpqJE,.74150324
R_1pSSNAK47QbaDOW,1.2598633
R_PM5StJMFwFZjqXD,1.2598633
R_3D11QcBPxJaOdN6,2.0473883
R_PXwwK745rBkLjEd,1.0326467
R_1lyHt8HPBF4MiXI,.66044039
R_RKVZWJP2ihx8t7r,.41899809
R_2tGzz00gx4VHvAQ,.84909785
R_31Awo48z4QtV3sW,1.0029936
R_33jzdbB7rgg4iE6,.41899809
R_3g70kUajyv8IaTq,3.0639312
R_2QWbXmUbHRXJeD0,.53868645
R_1rAZemmAg4xZ7KC,.69625419
R_21oX13fOQEum7Sx,2.3248448
R_1GTuFQ9ti0O1GI1,1.2430423
R_5tGKOqtrXDrCw4p,2.9947317
R_1pnArLEaoWU5Nye,.61468923
R_31yYys40d0Ip9VS,1.2849567
R_22rmsevGYh2U0Vx,.41899809
R_Re6Obz1344rkjS1,.78014243
R_3HjMmXN93AbSFrU,.53868645
R_RqOEiGJ0gUBXGud,.74150324
R_2dRRafUrVPbogAo,.87589842
R_12xzIhe6Ta8Q00W,.71792978
R_ANBvpQdAs1vB8M9,.84909785
R_1o0y0lMCtbI3EtG,.47979605
R_3JDwXP6OgdEVGsz,.89334339
R_VKFLAmOefMGSXwl,.82210338
R_2aaEUzSY1baOVqU,.84909785
R_2rjC9uoxkKpwg2a,1.1221315
R_1JROa8WeMWDAIzL,.91054606
R_bqPqZFa6XpitlGp,.47979605
R_3D78prtrl3u6yCo,1.7161273
R_2f2HRHGjE3goBPH,1.7917242
R_20SDxN65n1OQGqe,.47979605
R_3rJ15DCMwIf2iFJ,.66044039
R_1ewmeVitB0URTNe,1.4528114
R_PScZIVwVNWcNdDj,.47979605
R_3oYfpCawKQYmOgk,.47979605
R_2dsWSUWsgikpf1X,.66044039
R_1JCTwAqFlkWsbPk,1.7879515
R_25GfK8GhSbEkc17,.74213773
R_1Nn0vDlbFgLnfea,2.1728671
R_3O06KBBoeoO3Gme,1.1824869
R_1QDYqPedM8pnRa2,2.9951148
R_1LwfxwisFU5nF9W,2.1728671
R_2WuIRSVVg7xpOyy,.64809698
R_VJ9jl3D9ZYsy8ql,2.9951148
R_yDfxv4cqZuUCL3H,.53868645
R_3r1Ff7uPWZhICFJ,.70966154
R_2SDGu1XTz1UeIWW,1.4426728
R_1luXCC16Sv0GmXb,.74150324
R_1Lqd44n5znVUHfA,.75627214
R_2fGSXRYRS4kSL1J,.47979605
R_32R66PnnoETCp8z,.4505783
R_2tLnuSvYqFIRbnX,1.1221315
R_2sZlGVQmzpbMHh8,.77083498
R_1NwVrppg8WSo85K,.91054606
R_2tKBqaCIBSnMnM5,.66044039
R_1juMMPZvH9tQM9X,.66044039
R_3qaqh6w47Fr11xv,.87589842
R_3nqJF7cjiBy7X3U,.4505783
R_vV69yJTp7XYqQ3n,2.2986875
R_1n2YMJX6uIVparN,.66044039
R_2uy1lsRLtDkHD4l,.91054606
R_1pFfrouccUmRWci,.47979605
R_2EBkZ0P4RsXeDZn,1.7879515
R_1DpppmY81NJGTgl,.47979605
R_2BsOwZYvsXzXjEm,.53868645
R_3esQbn46VaV5qkY,1.2571875
R_2rH1yYfh2WnT0rJ,.79516536
R_2EzqqH8DcPmGSqS,.79516536
R_bxUzaM0ON5i5i2l,1.7879515
R_2ogfglHN4hKV3AR,.4890351
R_3koAGF6e7TVEc1d,.79516536
R_2talOBkk8zEoXAy,.53868645
R_3efaRWPFNcZQm8Z,3.0639312
R_2VJtaG05l57PNZo,3.0639312
R_3fSMrmW4Y0lpGhz,3.0639312
R_11d1Xh2IlQ2y5TP,.67315763
R_2UWPaI16TQn4Cr1,.91054606
R_2tJoFALzYtL9kPu,.87589842
R_3e5jp0JvKrjCvJR,.78014243
R_XtCIFMCsj1D475L,.4890351
R_1f8Url6kqzFKnHF,.89334339
R_3Ljc7N23z4U2uci,1.1437401
R_2rk1OBwgHCyQzk9,.87589842
R_21h0ADkOGQN43qF,1.0029936
R_3PSR1USaDlDHMwR,.78014243
R_2t5nQPafr27JWcl,1.1437401
R_1g5UgpIXAy4dBv1,.66044039
R_bapU7YJvVqT23ap,.78014243
R_1OrWt4q5IrFYaKz,1.2321651
R_3nkqKUXCcWK6xBQ,.53868645
R_1FmrSRn8wyWG7a2,.87589842
R_3lPmQdZJ4LHx3D6,1.1437401
R_2YEUGaQPiTfD0iI,1.2598633
R_3qOjlGSVQC9wre6,1.1221315
R_s5VSZJoAnPrdhHr,.66044039
R_2xY3brmui3xfkBw,.78014243
R_129LYzs2F2z4iJa,1.4426728
R_1o6hvlM6WB2mJiG,.75627214
R_3ey8MGVTYjQtpgg,1.0029936
R_DwUNlZdT5AKsFvb,.78014243
R_1Ig7oi1VzIUiQW6,.47042638
R_2QEz60mq4PQYUdo,.87589842
R_3QQo0vsBhGout7P,.47042638
R_1l9UDvbniNlHsLO,1.2598633
R_09AP4miWtOYBevv,1.1437401
R_12hGvV8zNkzP8os,.38144299
R_2qqFhWx6hPUEVLr,1.1437401
R_2RX40gZmWxfJdEF,1.6265781
R_T1TXpQrBGRUmYud,.84909785
R_dbO0BAKbGP3IFXj,1.1221315
R_6hhonpf299EMyAh,.41899809
R_2AGXAtYuM0PqRDl,.53868645
R_12fMXm2mJDXLMHP,.42706639
R_3Eu6oCSZwPAO8BU,2.9944079
R_3hfnNULrAJa5PTs,1.0029936
R_1db1F68bolxmBzi,1.2430423
R_11bwumQU5nJz7Wo,3.0639312
R_d6elZ52c4qIokKZ,.43679139
R_1DU3th3AfU9gClk,.47979605
R_ewW46QWq9eCl7pf,1.2849567
R_3nOZONjnPEguVoX,1.2849567
R_22V0BkOZANmTXyM,.79516536
R_10xzXEZJeoMJn2h,.91054606
R_poT0Ump7iKglRFn,1.1437401
R_25FsAeaPjrA2gr2,.79516536
R_soIGkI3FiVYkDjX,.89334339
R_1OlOZyVXyogQJXI,.79516536
R_12bxZmfNipLTSUH,.66044039
R_1LY8hg558O6h9KO,.77083498
R_1lcTMvzS9p4zrP0,.78014243
R_3NECnR2hMMLALkx,.66044039
R_eYgGcOCM1i7M361,.91054606
R_3pmZwMXAtYXZ3cC,.79516536
R_1gGcrbT5Qsud90n,.64809698
R_dogR0yYbSlquHMl,.79516536
R_V4NrjikcWM2WYUx,1.0974615
R_BEbXwDDgSnVkfUl,.4890351
R_3h6GSB9hKW5ZDG5,.87589842
R_3nquJeA3FYwB0Ik,.78014243
R_3MrGH5OQQJhOUdE,1.2598633
R_1Olxj0LvfoXQPFs,.67315763
R_u9XC0qjm5HrzQK5,.77083498
R_2zC76Gmnevn4J5v,.42706639
R_1TZQakKZWskYCRz,.67315763
R_55xhERlMkFsYw93,.63384867
R_eIPLvPdH20v1nBT,.47979605
R_88rNv1UYyjzT877,1.1437401
R_RFBomczUcxqawMx,.87589842
R_3KBL3eJPE4eoZw8,1.1437401
R_Uo1AMV9TC5OMKA1,1.4234111
R_OpQ1byRX5jWRw6B,1.1221315
R_2YlaFQ11ML6iVRS,1.0029936
R_6FpKSnlQFH4ejyV,.71792978
R_2SuDxsdNt3MQ4ak,2.9947317
R_2ZUfT3kIYTnszJt,1.1221315
R_UPYmTslv3pJdrep,.53868645
R_3NSUHjoN7hmsAKt,.87589842
R_2XnRjMEzgcee2FI,.74150324
R_1F33h9x3MhD5zOp,1.2963722
R_2Xh7xjU1YUs9TlQ,.66044039
R_V2o7wvEmOkbbvDH,.53868645
R_1rueCAwsjCOQWq7,.47979605
R_31S0XfYRWaIOJ3Y,.84909785
R_3RaWOMeNYR208g5,.67315763
R_AjGoMybKEyfk0dX,.91054606
R_116jrHdO3zaZYHw,.78014243
R_3RdpqK7DBK23Itm,.74150324
R_dnXhfev9mrBilEd,2.3248448
R_3L75PlcLq3wdDaN,.69625419
R_3iUxYDAdaVE4waI,1.0847836
R_3sobuDCN8eMvvjv,1.7879515
R_cvg4z8GeFRlnYOJ,1.2598633
R_bw2Jp7ZvrFJWLLP,3.0639312
R_1GIXV90DDlAYNVx,1.2598633
R_2zkXE6djLcGvsW9,.84909785
R_1DYfPhJk6iFG3wc,.74150324
R_2TpM1thN7plhTNG,.77083498
R_2uyeV29Tm34Dorg,.78014243
R_2ZWAjZrZjKttFC8,.75627214
R_1CpchvAE4VfERhN,.66044039
R_31Yqkw5QaQcrIeq,.74150324
R_yrM59reBdknHjQR,.77083498
R_1CkmKTf7EcyChzK,.75627214
R_qw1Mh1glDuWbXnH,.46047768
R_0SuKE0A2foWVEOt,.64809698
R_3fT5ygjCcPSWwAW,2.5154345
R_20UMnRHrfLU2hu8,.79516536
R_2qrgziC4nAGdJ7n,1.4234111
R_2VjRtUZhwoDHtjK,.79516536
R_3qlMrN9mP9PZqz2,.42706639
R_22Vqexn7XKk1xbU,1.6666859
R_2bTN1rayTxkN4L2,.87589842
R_2BbAeP3W4nsmt7j,1.4426728
R_2YtxQNYT1kQhSzT,.78014243
R_3CCSlj1hUoPqllv,.74150324
R_3qvPRsvXgyyEUyk,.84909785
R_21AFKwKmgJwhDuR,.74150324
R_AmtkyG80OpfCCvT,.41899809
R_eu0tFd2aECL3vfX,.79516536
R_uy8GJ84qK90vh3b,.87589842
R_8dm8XvzczDTQ9Ud,.66044039
R_1l6LEcJMQWlfCIJ,.84909785
R_2YulKVe17SM34BA,.41899809
R_CdGkav5bFZhvEvn,.53868645
R_3ksOZKNTtdYR2lr,.8126359
R_2Eg9Hl7acUQfSPk,.87589842
R_SGBuObFxZ0zN7sB,1.7161273
R_3MM6UG4w0RpiKrx,1.1437401
R_3QR829yeqvKlH3i,1.4234111
R_1CwOpkg7bZ7lW0N,.66044039
R_2f3a1UExYSG9mDr,.77083498
R_x5aQAC27WHqL7vb,.64809698
R_3fNWVxTdVsIXVFA,.87589842
R_238g2WXleuwHCxs,.78014243
R_23ZSlm7GGgtLPW3,2.1728671
R_3HFWw6bRtLOllZf,1.1221315
R_1eLw7ZC7YFO1xmN,1.2567066
R_1luF3HsvD6Z6loB,.78014243
R_3lJPH29llmhvqrB,.87589842
R_1ov8LIsnuf3WXuA,1.1185942
R_2cbmml3QuWD3R6S,.47979605
R_2wnLwnB9ioakFC4,3.0639312
R_siZcN3YWfST468p,.67315763
R_qxbYCbQF5u8fUzf,3.0639312
R_1OAVLFSOm6z0gES,1.1221315
R_5ApgJZNUQc3YdTr,1.0326467
R_3EoNE5NB4JhyICg,.53868645
R_11dXrHsQ5SLNR7b,1.2598633
R_bOErBRT1UFdaOIx,.47979605
R_XvLRwOnWKzh8Ojv,.66044039
R_2ZEqJDxuk73rBGg,2.9713471
R_3nvhx5qjowqQgZc,.66044039
R_8dGP1VJhhJBSslH,1.2849567
R_1g7QRcohL4hB0vl,.77083498
R_PXItodAdG28etG1,2.0473883
R_xsXmBQGLkdTmf6x,.53868645
R_1dE1plhtt9in0am,.84909785
R_12Dc0rh6xBLQqyv,.84909785
R_1IQRGV7dSjq8ocx,.47979605
R_3jeU5qOfqp9mTRV,.79516536
R_2Pqdt5V45TIY9L6,2.0074062
R_1GDC6KbmUd9y2Zu,1.1437401
R_3iD4yXquhekwu7b,1.1824869
R_2w0pMRcMVrjH2Mh,2.9947317
R_2S2jiSrr0qmfBI5,.47979605
R_1dlR3R7HvQhnfhw,.67315763
R_C8iLp4BtIDbZS0N,.79516536
R_3nBoMUFizBXGJpD,.89334339
R_3lzPxITKF02GpNU,1.2849567
R_W1z3rmh0Wt9tvTr,.47979605
R_2AQnWDJlCAMtDqH,.47979605
R_eas1AHtiJheeOBz,1.2849567
R_AA3eZ7aOdoTA6UV,.47979605
R_1n7qoSVhdIdunAk,.4505783
R_1kM2J9bN8KTL0vm,.53868645
R_20Z4R7tshpdgzH3,.53868645
R_qLbwRlDOEspkxah,.53868645
R_1pL7MDcFgA1fYBR,3.0639312
R_yyhuEoySODsufYZ,1.0326467
R_2VCLO5x1yOQAFQj,.64809698
R_sMZrkzsJ6u0veF3,.47979605
R_1H5BD8yg5RbcOui,.76448423
R_2axh8ioe3QH4eoJ,1.8274112
R_3sBQDo2BvUhYGS3,.41899809
R_2YMyE6zAQgH5qhF,.78014243
R_2tlOU73W1QtjK0s,1.0029936
R_2afYtSADFD2MCs4,1.1437401
R_3R7y3JjMF3WRnM8,1.0029936
R_ZsjmL8DWyZcRB3H,.71792978
R_1Hc3eiwKywIgh3T,1.0326467
R_5w1aC1M3tfsAnDz,.84909785
R_3dQYIsdKxZOXteR,1.1824869
R_eRQHrz92BiYatLH,1.4426728
R_A58QHy22SZyAucN,1.7879515
R_T0pw1JC8HFaJRUR,.78014243
R_Uo9KmmvpQuE0ikh,.64809698
R_xgvFow4XDn3h0CR,.4890351
R_3Pz5pKB7CH2Ds8d,.47979605
R_RyHvVpz9Wk3YBJD,.47979605
R_2BglNJ5xEnPRmGw,.4890351
R_10DkLgMB8ckT9pX,1.2963722
R_1Dur8AqozsxA3h6,1.1824869
R_2TSigmFmphQHXLQ,1.2598633
R_21uFfwNFK15FP7Y,.75627214
R_1isXZGpDkn4I4BJ,3.0639312
R_3n2jUDZs4NFRIJQ,.64809698
R_8kKnAn3a6uRPZ4d,.4890351
R_Q3UMG12VdU6Hz0t,.82210338
R_23TxH0XVuvdmLIU,.75627214
R_2bJmJVNrLKvBRB4,.77083498
R_2b0JHu468GJAqTC,1.4426728
R_27UNYHFAF2gQIcd,.4505783
R_1P8b9MALD3oL3tk,1.1221315
R_emnzD37yc0qKPqF,.78014243
R_2QuroOrxqQJXFcH,.53868645
R_sA20zLDyqk8zhnP,.75627214
R_R3jQBdcZ79dZAZj,1.0029936
R_OGQa8xNVNUh3vGh,.87589842
R_279IRtiICDPpnSP,.53868645
R_3L7swg1ICE2qcEZ,1.8274112
R_1K1sV1czVYRspM7,1.0029936
R_dpwCXjvdCVknbod,.47979605
R_2bUYgRyEOPUdVRb,.66044039
R_38aljxxznSd3gJj,1.2849567
R_Xpj3lzY7cn5iEil,.87589842
R_2y2yyrDgvte0WB6,.44153464
R_3PHtIuSMUE1wjA2,3.0639312
R_3nvLft0NGHRMiWo,.71792978
R_2rDcv5TUttIwvax,1.0326467
R_Rw59FXNgBOBF7X3,.74150324
R_2ZEzVylzSGDpsac,2.0473883
R_vjiLsoPTo9EPnEt,1.2598633
R_1lxEyrgK3DqAf4e,.78014243
R_1dBry0khjSGNwfG,3.0639312
R_1g6En4kb72hhWwo,1.7879515
R_3ha8ANW1K3dmjfS,.85737449
R_2SHW4VK9eunjr3i,1.7879515
R_PLpYt7wbJECoxmV,.66044039
R_25o5arLKzfJYSAh,1.2849567
R_22KpScGi8O0tlmP,.74213773
R_0keve40draCjVfz,2.9713471
R_3CCKJpypsnnWXEx,.78014243
R_1NDfh18viJePJ18,.89334339
R_vTCilhXEeU8Uacx,.78014243
R_2e57RSKHdWAZ50y,.67315763
R_3nl8zqp9ypjH78w,2.9944079
R_2dzPIeMG2aFCZuB,1.4426728
R_3fuVlFUywI6Pyua,1.2849567
R_6QKqAWbMjsoNYSR,.47979605
R_3fTvbpiwelPIrca,1.0029936
R_2XdghYQP0vFoUL9,.74150324
R_2c1V8hKCghGNhtu,.47979605
R_31jzZePGnJ18eu5,.78014243
R_pLRWAGqLUkXK0tH,.42706639
R_pRGbkzOmzirZWy5,1.1437401
R_DNbPTeTwNeYZkZ3,1.0029936
R_2sRN2zMqEuD6cDt,.87589842
R_1hGsuURccG9Vw4m,.75627214
R_27j4DdxGQ90raGK,.47979605
R_1eOG1FKnK6gjaZJ,.47042638
R_3j68lAH4XqJQ1HO,.78014243
R_33jrvEUVX4IjLUA,.84909785
R_2xLXnlKd2314bVN,.53868645
R_3O6zxFQ9QCvzGpa,1.2598633
R_1MRhPCHfZKdWzZU,.75627214
R_1C2uQEMhiWIyIYI,1.4114956
R_vJFVJGBIRJ6TtMl,.53868645
R_25zNEHcSBUqUxiu,.53868645
R_27NVLv5mQiNoBvO,1.1824869
R_1EbLbtYUxwhwcgG,1.1437401
R_1QgBeKne1gFGavC,.79516536
R_bDjV9u9vnlXHJnP,1.2598633
R_3nSjhYuSHZYKBuV,1.1221315
R_2VKei7UVCC80w67,1.0029936
R_1JLvUQBPm5eO0yW,.68046725
R_2tFN7u0IXQE9bI4,1.0523143
R_DibYQBMcCpbCM3n,.91054606
R_2QJmcqXWTixBe9m,.4505783
R_3EWDWITR17TzpWQ,.51595819
R_2vdkqHpc7L55Pt2,1.7879515
R_2zAVzP657vRlqGD,.61468923
R_OOsSGO9MtVbpjO1,1.86466
R_yJwHUAhXNxlJoY1,.53868645
R_3Oeop0ZepJm8E5c,.4505783
R_1f790h23o2hQLNT,.4505783
R_3PS4swdPusQgxAL,.4505783
R_qzlPxzG2MPXan8B,.75627214
R_111rEcmxPkj05Xr,1.3956149
R_1CdABNipy6Ze9eE,.66044039
R_3KTPRd3i4m4YP25,.84909785
R_210w3WvUhRBDCvH,1.1221315
R_2aspAxxA2hVoAwa,.47979605
R_VX3rCRMOkJqJB9n,.53868645
R_3ixJMkv3el2Cdx8,.47979605
R_2R3yLQ3tQ8MxLO0,.47979605
R_2wLfVBJ6QSjsNl7,.53868645
R_3khXUZMFQ7W7d17,.75627214
R_1Oq1jNhVBN5dkPd,.47979605
R_1cYSWpEfcJNRZpv,.77920514
R_3gSKTDHGhbrJGRt,.53868645
R_4PIJHZ62pwJSfwl,2.1728671
R_yQ1jnZx3mxOkZgZ,.4505783
R_1rDszOPdIX2s7RL,.64809698
R_3JK1SDx5NVAUb8A,2.0074062
R_3O9Cpaf9k5clepH,1.1221315
R_2ONNSZgiIBu2wKp,.60777318
R_1lo4M7ZEFCeOhai,.75627214
R_AO2GDqY8YwHYbyV,.4505783
R_25BN10G3nFiZOkT,1.1437401
R_3EmqNECSBzazf5j,.53868645
R_1gbBb2lgfCar7Ji,.78014243
R_3ivQttqc3Z4l3hb,1.0523143
R_2q9Iq5EyyKNto2w,1.0326467
R_1FKFHaw1wpJ8xMQ,.91054606
R_1DXQ7saG6U6v6V6,.29999974
R_3neCTk7UC54a67F,.77083498
R_XhPjSifax9DucQ9,.78171301
R_XuYvk3UfbyJsBc5,.74150324
R_1jWicP1TgpyPojb,1.1437401
R_2f1Xv9eR0yOGORd,.89334339
R_3HiZZJgCC7A1Pfz,1.1959429
R_cMAyFyRAsp8eSnn,.78014243
R_u8nL8Yo0WEa6Tvz,.74150324
R_UiESKNqBDjnCMDv,1.6636183
R_rrL3l2WT6W3IDy9,2.0302503
R_2yeFV4yTTNV0idh,1.2849567
R_2YFbJnnkUKnAEjP,.47979605
R_3Gg4lNkp03GfwMO,1.0029936
R_22IX0BwQSgwDX37,.91054606
R_2v0NOhZgyMAXoUB,.84909785
R_1mloZKcWCFoWfwY,.85737449
R_3JxyPMnLS8RumEO,.4890351
R_2AXrwNX3rmvbUPv,.75627214
R_3MunhF4J3GjyRSu,.64809698
R_3IqkE1b8dgP5xnj,1.4234111
R_3hyANI4LHuhm6cK,1.3096992
R_XnpHTvqnji2QdA5,1.2571875
R_3dGPjjnKTvtQxDo,.74150324
R_31EnfCJCadfUbqq,1.1437401
R_3MAMKU59kpp7lg9,1.5981221
R_2q3FRmCvUYqdujL,.41899809
R_cOy4cULhtg8q0Nz,.84909785
R_3EWPTf5c7VAvzPD,.47979605
R_2ruAnhW1cSrseRl,.75627214
R_1lmj3LRdJGG68rF,.79516536
R_1Nhbllry08cXCqF,.53868645
R_2SJiW5PPasofumB,.79516536
R_D8MWAGZRJfvIOpH,.66044039
R_1gINb9YfnLJrfMR,.67315763
R_2U8Wbq92t2f1x9x,1.0974615
R_3F51Wj4WUxO1ZgN,.71792978
R_vqJHdaN0YB1NAwV,1.0523143
R_1jCJUTcw1KK21M1,1.2430423
R_T74hsr1oFdUYFiN,.42706639
R_QfvAS3UKn463u5X,.4890351
R_2q4MzF5jw7SrnqB,.64809698
R_2zUZoAqdwZU0y25,1.2598633
R_2YlFJU5BCXCCoNF,.78014243
R_vTaHuxrbruY9rcB,1.4234111
R_OPeOyJPwkp3YFQ5,1.7879515
R_Qay2gGkRd8GXWkF,1.1221315
R_12u0A6J3SK68Qyd,.74150324
R_22m1ULEl68N3Z9c,1.3096992
R_27qZhhcn05Yh41Q,.69596303
R_3hbBdSler9F4WBn,.77083498
R_2bUItiqNWyJu1ut,1.2598633
R_2E5Ej78WVXZnkfb,.60777318
R_xnI7S9UZYqZ96Dv,2.0868132
R_1pzYqXNGnSQ0PHA,2.9951148
R_vAAKvrSVBmBrQ0F,1.4426728
R_1jIBeGFzW4FcKDr,.87589842
R_1eFC6FEuZpwAMwX,1.1221315
R_2riLcAVDIPNwuRk,.77083498
R_32Y47z1ZtUhC5By,.77083498
R_ai2Dy88x4gUNHhL,.53868645
R_3Eszgs1Q0KYMvnt,.77083498
R_2CHRweubnBGbB3G,.41899809
R_2YnsW9lq085avqB,.87589842
R_3FL0d6mUzAdOite,.53868645
R_D68Ospw6c1HB9g5,.89334339
R_80vUwFZL2JlHMCB,1.4426728
R_3dZf2Guwg98tQao,.75627214
R_2hSdssPnUtbArrb,.75627214
R_6nZEEdzTDQoEMMh,.47979605
R_1CdWD127xwzrhn7,1.4528114
R_2VrrzLRTywkKDSX,1.1437401
R_TdxvMUTpfuWwq7T,.77083498
R_URWSEErQFUBNJ73,.67315763
R_SJoLo3JB9GxJ4xX,.84909785
R_1kLasEv87kf04L9,.79516536
R_2Yyms4u8n521sRk,.4890351
R_3f3OkRsVccPyoox,.87589842
R_2CkX9r8Eo8MbNEr,.47979605
R_22QQgmHAmHQqpwE,.84909785
R_1qg0dXNlURC5dtv,.67315763
R_DdysqnomS59C8NP,.87589842
R_231yq2Bee4EYja8,.87589842
R_UnMztz3osOIEzzH,1.0029936
R_3dDIcQmHXqx27NA,.67315763
R_2TAw6KExS0IXRDG,.74150324
R_2DSSN5Gq4dhib22,.87589842
R_2tiquGIFMZ0QRWU,.63384867
R_3EhVpUx1k4iztyb,1.2598633
R_1Id8BIbUHAJLMGD,1.0029936
R_aXFWEWrQxecoRpf,.41899809
R_3JCa6B5x4aGMwfg,.64809698
R_31abqaxvOQcQ0C0,.84909785
R_tEQ9TatXD8k2xqN,1.1437401
R_3PUlfFAKLpmVPwN,1.1221315
R_2QhSlUALIGo8Pas,1.2567066
R_2YGujXVu9zuwSE8,3.0639312
R_33yyVYZEgX0RMJK,1.4426728
R_27PA6CCJdtyMnLZ,1.0523143
R_31aSRtijhymXxtg,.74150324
R_2BhwZk7t292db8f,1.1221315
R_3siYnN5JiFKlYzF,1.4426728
R_3MzcGxbF2Oqj14o,.74150324
R_2P4EEOw8WlmxuZ3,.74150324
R_3feig1kV6mG3dMM,.87589842
R_qJcZLyc792421UJ,1.410956
R_bdQHjqXZ6Ei1dlf,1.0029936
R_2D6svFKaqIgKFu1,.87589842
R_RhuWqpfJ8J3fCtX,.79516536
R_3Ecm5GGDAd18FRu,1.0523143
R_2SCc5GeGHxCBaXe,.75627214
R_78QGaZ23Pxf0mt3,.84909785
R_1Kw2buTWKy1yRPs,.4890351
R_3L7lotOUVK3c0WK,.67315763
R_2afOldLHRdu3mPx,1.2598633
R_6ooCzT1vRAxFMzL,3.0639312
R_3MfyCU3oOE697qu,.82210338
R_BWlQhxUfETWTqqR,1.1221315
R_3OyTLCjIsss33lD,1.2963722
R_2CfZsubsnfSRCPg,.87589842
R_30efcMrZCJbamKs,1.2421882
R_5BfjEehK4c3VHAB,.84909785
R_bDFyACFVn4W5KHn,.77083498
R_3HB6sCzVbmfjZ5s,.47979605
R_2zu8oFt7Yfo6xi4,.53868645
R_1mzt2a41XdkMoAG,.91054606
R_1jctYveBsoNSwZh,.78014243
R_21EBV3aM5okXFuP,.75627214
R_2CsqWJ6ANCDzQne,1.0326467
R_29hlRfxitfIkV4K,.53868645
R_27Vfi4WjOwcFBqF,.4890351
R_3Pc1UnPWLleJyAl,.4890351
R_2Sie8lMVJYN2bQi,.87589842
R_1Qhdf78c3gcGg9K,.84909785
R_3dXh9xQGRpIu1m8,1.1221315
R_27yalW4iql5VzyV,1.1437401
R_1OpqOkn6c0a7bnG,2.0074062
R_31gX8CeZlAieZf4,1.2849567
R_w5ny4qmC4XzmlFf,.67315763
R_1OkuPk0NMKxFuhp,3.0639312
R_UWnkPwgkPsjBCzn,1.1221315
R_2YlE6qbhvbWXUS6,1.4426728
R_2WVDslrYesiqFfB,.79516536
R_PtcJ7kPdvnqGA4V,.87589842
R_1jTwvJkqpzOCVvP,.74150324
R_2P7L0tQ9tyy4lBz,1.2321651
R_1LvWAguRllTF4nQ,.47042638
R_10Cqpb7G8YI7TaW,.87589842
R_1hKiOmPW49DH24m,.74213773
R_xF4f3YhRbS5iO9X,1.7879515
R_RV7YHScqNX2ErCh,1.4426728
R_2Cyb1iNV25MWZUa,.79516536
R_25NLPhYNrPHmWC9,.53868645
R_0O4FULsEGi3VXMZ,.79516536
R_2S7Cn9muKXxc3TO,1.2849567
R_svDvHj36Xo2MszD,.77083498
R_1fZ1zwGW2CyDh49,.92169589
R_3lFUJ962GsJCVTU,.84909785
R_3fUDfUkcNq5ujTg,.87589842
R_XpoZCHX8NSpE1vr,2.0868132
R_2rhZVvWrUjaiDDP,1.6636183
R_1QlQzMHDBRG6EAK,.87589842
R_z6XDb5S96SqSJ6p,1.0326467
R_3Hkb9aqSpR2XKmO,.79516536
R_3KMTOPsFowfqhxY,1.8223808
R_1dmMejkEB79I24a,1.2598633
R_9ugunDv5GyQvsB3,1.0326467
R_1gGh8R8t5MzFZUI,1.1437401
R_2U5bAJoLNF3wjrl,1.3956149
R_3ixOvfnk4QZkuV7,.4890351
R_3MGt4wsrXpp8WUd,.47042638
R_2PmUu5FNH3dpshA,1.2321651
R_271ktD5zkS6f2wX,.87589842
R_2AGVtZWGywGG3lb,.53868645
R_pLwagHtpbQmFRw5,.74150324
R_XMNsPI8c108mmcx,.53868645
R_1M0UDvXTwspRlMW,1.1437401
R_DksATVjzk9OFAzL,1.218721
R_3GqAysiqJibmcEB,.84909785
R_3kuqq15N7HyCSsy,1.1221315
R_9sKMozdgkCYXrod,.84909785
R_sYZgmkjKR90jTt7,.91054606
R_PH8d2fS5DLPvtmh,1.4426728
R_1LvpXjDbwXpb3K2,2.8804324
R_dn8eh2yB4sYZFwR,1.218721
R_3rOtk0KPs16M8Jq,.47979605
R_10Dcw9scYUXdWt1,.47979605
R_3hFnt1x69DkZ4OO,1.7879515
R_2QGlLlklI6VcrAr,.77083498
R_OpaYshRenEQDCtb,2.0302503
R_2YucPwwMJqU42k8,.78014243
R_2Tvr2Y7U1N3Ab8B,1.2430423
R_2466n8Z29BLa9Vu,1.3956149
R_2t9bHFzo94lnoxC,1.2430423
R_2wQZI7ceMxZyPEj,.47979605
R_1mpXG1bfocnmuA5,.91054606
R_1lbH9UxoL7q8RvB,.47979605
R_1dK0BEAAVbj9brc,.53868645
R_1nOZJ93ta0CKJIt,.4890351
R_1doihXSHfIxTZ4a,.89334339
R_2YIWtonHMtFp0Yf,.53868645
R_3RmjfIZCihjjwXX,.67315763
R_RzCpaCQYj3iR56h,.89334339
R_2ZHY3ZXQKhEgtpj,.75627214
R_R95hzPqGGOjlcHf,1.2050077
R_33qKmOXmYfbQFTp,.78014243
R_2TTNiK5V7TwOJrF,1.7161273
R_27TlAeHgZfb6oLG,.89334339
R_22JPy1rD3p5OB90,.67315763
R_ePvNsPhHSSO1xeN,1.0029936
R_2cj5cWkc2jQk0jU,1.1437401
R_3lMqLRsN9hwyfMl,3.0639312
R_ZgyAIHwvSfPgSUV,.46047768
R_3nUgCUIeBDyP7Pr,.46047768
R_1pE7RBLPTGhCbYL,.53868645
R_3qdH1bkXNyp3fmX,.64809698
R_21BXw6dqYWAZFPW,1.0029936
R_1jVdT3knSY6NMOZ,1.2849567
R_1q4guY7133fe40O,.69625419
R_1j6t3CCJolIsG4p,.4890351
R_2ZTT9gDVX3wWGXR,.82210338
R_VUzJnqvmcs4xmmd,.64809698
R_2CK4x45Qrf0nIze,.78014243
R_3JCraRdLbvgJPyL,.74150324
R_29uHDGktlNqRFt6,3.0639312
R_31R7ni0ROGj4qQJ,2.9947317
R_3iqCarCVF8pWjhb,.74150324
R_1OotzeKPu9UHtf0,.91054606
R_1C1I7XrlYfQR4qn,1.2669789
R_2Y5169Njp3YBaC4,.64809698
R_prYjJYlbb2ARF0R,1.2598633
R_27d3SIBzbtRwr3W,.47979605
R_db35BWVwPDhJbQB,.75627214
R_1GId6e0DQAyDNth,2.0706866
R_1F5NNTLQjNsX7gL,.4505783
R_Q9XCGna3bAVQtKF,.77083498
R_2TAjX9RMufmK0SM,.77083498
R_3r2NdSArUBu9B61,.67315763
R_1GK9yLkdyB20JUo,.84909785
R_3EmR49xeXdBhG4X,.38144299
R_2rDfa1H73hORHib,.79516536
R_3Opl6GUb0u7Y9kk,1.1221315
R_29sksDXZ6KD7t5C,.79728281
R_3h9OkQKSdQYmTTV,1.1221315
R_30i5XpBs4m48GKi,.66044039
R_3kGRwdn8QPzQM1O,.47979605
R_3fdFzxPKOXT6Xgs,2.9947317
R_2flFajHoYsVkViA,1.1824869
R_1Cxab06nZxY2tRW,.74213773
R_3EW2bYHTLOVQ1ip,1.2598633
R_4MzTrmmFopVc6MF,1.3529117
R_3M3aaQiuGKCJE5k,1.2598633
R_2xPCMRl01nU1gZ6,2.8032799
R_1gqLgpDy9Mp6D17,.78014243
R_85I5dygLXABEKsx,2.8032799
R_2ZNqFXmBRrU9wWj,1.0725783
R_Dd7hbkKEfhmfGlH,.43679139
R_12yfGC2fWboGghX,1.0029936
R_3PohvL14VakIVGC,.64809698
R_2mEQVEN48poNC8h,.78014243
R_3MurHmbR42n9zUm,.87589842
R_qCqmJOorAz5Tqyl,.74150324
R_2EoxdtmoxnO8asf,1.3096992
R_3suk9WFeibQKcbH,1.1221315
R_87YC91nwwJlvDtn,1.7879515
R_UaII1x88dqtkL29,1.2598633
R_2X4dSkUVilMIWIa,.74150324
R_3xFg2iScJrDYHKN,.64809698
R_1eEOZJ0vwA9ZCrP,.74150324
R_2zZbaXNqivA3zDT,.87589842
R_2VdKHAG4J6FPMkU,2.8804324
R_1P7zf3QIyQqbHvb,.84909785
R_1NepHAlJ1l3bkMl,.66044039
R_xAcjtlY3jE7ET0B,.47979605
R_1rGkf7CPS90Q90l,2.1728671
R_3FUViDga4DyQQY5,.47979605
R_25ynK1QtJeCvzdt,3.0639312
R_bI864Dkcm8kNuMx,2.8241811
R_25Z6uFM4Jbv2U6z,1.1221315
R_2fcI80UQqhmfTvt,1.2050077
R_3meIZoPw7D7wmi1,.47979605
R_25ROWnLe7z75D57,.47979605
R_1QG9mwDMxHxPhVf,.47979605
R_1HeJd63GKzYcTsY,.75627214
R_3lDKIHIDeMIJdJo,.47979605
R_cCOVJjcZe6N0jZf,.51595819
R_SNxGhB4wREhyVCp,.53868645
R_8um3MeUT5wOrXqN,.53868645
R_24C0pf5z03Doajg,.66044039
R_3mgizO2yIgMQXgQ,.53868645
R_2SoVjuadd391LJx,1.3096992
R_1Pe03W8ZrJhaMMA,.89334339
R_2CV8PxJOQ0nD0se,1.4426728
R_1fiPtduNYiMSfxi,.79516536
R_2rO2yT1VJky77EG,.4505783
R_1Cl7HNlnLIziKSQ,.84909785
R_em15kNj1FAn6oeJ,2.8032799
R_1IZbKPGHg8f5n6v,1.2849567
R_pis30kgBWj6kVOh,.67315763
R_2OZ790VpPySLKBt,.84909785
R_2fm5TjJZ9M7BBfa,.47979605
R_A5QQrgBa5Z2ONuV,1.3096992
R_2ZIgdVcPHpFT2IA,1.2598633
R_8qUAQnCAI5rfYop,1.4426728
R_cx3f4F98U1qxZ4d,.79516536
R_3Lj6razKHruvRy8,1.2430423
R_2aJqFnyqCt8XszM,.78014243
R_1hYahpS1FBDCU13,1.2849567
R_33EJRIVt206SGR1,.75627214
R_CjA1OFKgbUgCmDn,.47979605
R_2tgQeh33QYoN5ch,.64809698
R_2E4ZgmIsa1ZY0Wt,2.8804324
R_2OIsDuB2VexpCIu,1.0326467
R_2BkQ9z1z2j67prT,.42706639
R_1g6YLSVQFtx5dtX,.4890351
R_3G6q35FyFkND8PJ,.84909785
R_23VOoyOHljumCyt,.42706639
R_2zrbluVwWvraFQR,.47979605
R_2Y50hlxzuxWEbLD,2.1728671
R_2CvLm4ru9hfG7cw,.89334339
R_TtMPjp8RFba84Q9,1.0326467
R_3IcJKgkyQMCQJ0T,.74150324
R_24jvCk6822eq2PX,.74150324
R_3J47FrAcBImu0gU,1.2963722
R_DBuMfBFewAmweKR,.47979605
R_2YhODMZF1FIpCfY,1.1221315
R_2430EW62I8paC0B,.42706639
R_3F4jI3Lof2fw9vW,1.0769507
R_3e3qg7ABpbiD00o,.64809698
R_3irtNLFTD6E3yX1,.53868645
R_1FbuOZ2EgGqMoD9,1.4844801
R_tKgK94OOHJFvbLH,.64809698
R_1nPVnvgffcH85HK,1.1221315
R_2pSpRUjQNawyITI,.47979605
R_3Kr5BiHsMGd3XIY,1.2598633
R_UfImIqMTLG1qoAp,1.2598633
R_2WJv1nAPe3uPIFc,.47979605
R_1eruYUqPpRIo4hY,.79516536
R_30oZtcboFiuaa0A,3.0639312
R_3j96DbcSQsd9qKL,.4890351
R_V52uRYbQuc7AeRj,3.0639312
R_31sJDl2nzX45wCw,.75627214
R_22CYlmZspFM3Oy2,1.7161273
R_r9j9ZQPhDcjJnr3,1.1221315
R_2zvzl35IcaPX8n2,1.3096992
R_3fTwDPVTIQDU7US,1.3096992
R_1gwQEjKVrhvBLem,1.2598633
R_2zkjhrVGN3ydqws,.47042638
R_W1IYcvREBiUmk9z,2.0074062
R_2sRSYTpiULODa6n,3.0639312
R_dcjFp0RIG5Q9WvL,.91054606
R_3qKCrll722ogDn7,.79516536
R_3My6ykrknDJICcc,.78014243
R_2wNbKC9WaKn2Uy3,.79516536
R_2y3DDME64AyAAlh,.53868645
R_3kpiOgOWci7Wmnv,1.0029936
R_2dLoSfKQyyUvgOA,1.1221315
R_3FOQ1fRYUH1sTsd,1.0029936
R_TpxteiscFa05XUt,1.0029936
R_PRMPOTBNrtaVivL,.75627214
R_Y6210BN6poeKTbX,1.2050077
R_2D7w12JoIrMAEWQ,2.9951148
R_2ZEPAQRyjkgkGlI,.89334339
R_2fkxqUG8aNNHmpA,1.0326467
R_3EDWORT3AaL0ZAh,.42706639
R_3JL9E93dST136af,1.1437401
R_UygpFRjUo2amC8V,1.0029936
R_3FaxIkHOjoeMCvT,2.0473883
R_WuqvFFDVTWzoIOR,.53868645
R_1ghCCNn9nw7dPk9,.74150324
R_10oWjMzbg2RgWEQ,.47979605
R_1eqsz74FgLoY1dn,.74150324
R_1r1akMEzMhufGKD,2.0473883
R_xhzEiARnM9e3d0l,.41899809
R_1d0kKAwaVNCsNJ6,.77083498
R_1Qlxg4WOgl3sVe5,1.2598633
R_eVYNPCkTq6HnX9v,.4505783
R_AKSVaQeXjgrKH9n,.4505783
R_33wHiN8uayPKuWu,.78014243
R_232Dp9jEcmo6Ud4,.79516536
R_279Z0wrexoWQX6I,.74150324
R_00Ol65Q2l0yW837,1.0974615
R_xi5QoWKgECfJxxD,.74150324
R_2pVl9BYLtJcVv7q,.66044039
R_20MoPJEXiCgNrvd,1.1221315
R_aYqRzQNtBshOpON,.64809698
R_1IsBOgQW4TWWtuI,.74150324
R_10DwUzBSw1A1qVi,1.2050077
R_2OJ6bxY0iF0mDxL,1.0769507
R_24u8wCjWOqeMzm1,1.4426728
R_qR5wNOjT3B3kKv7,.79516536
R_25GznU2ysfs661N,1.2282121
R_1CCs8Q2NArUKnf9,1.2598633
R_11YjCidzPCQCrW6,.47979605
R_3kAkwLpNoBpG49r,1.0523143
R_YPRKgXIkjdTJpER,.66044039
R_1Dnzhxn4qKNB1ae,.87589842
R_1LFpt6KyKsCsZ6K,.4505783
R_27PScBkYmtMk78B,.91054606
R_9pGgmNuGcM2fWoh,.79516536
R_33fYkJ4mGKaOIi8,1.0769507
R_2diQbEjFpC6icw3,.53868645
R_6sAAl92uKUnuwAV,.89334339
R_1f2XKzeo093W5yY,3.0639312
R_27JNLET0kYSkt0V,.53868645
R_RaSy3M8wWFhvCi5,.47979605
R_1GZTGitTJWlCm4u,.47979605
R_2awZFXXpH5xlzsS,.75627214
R_1DwqhfY8mRL9EV7,.53868645
R_3fOk6jrAi8r15Aq,.91054606
R_3iU1RV5rMkTsDEx,.84909785
R_25sf0LWEcsIqLA0,.41899809
R_3OkRCMpCxJyzGfI,1.0523143
R_cI7UUXXAiiO2TlL,1.0523143
R_cRXWtDNYLBQLEEV,.91054606
R_DAb49HQIBWhKfPX,1.2963722
R_1kM4hOjKUmMQDXR,.78171301
R_1kMkmOSbEwLm4UW,.75627214
R_3PRLwOzHr5gpMNZ,.47979605
R_1mDHvX05ywdLzYK,.47979605
R_1OE5I4dfSfzrgyy,.84909785
R_3nPMcVYltL4YDjb,.47979605
R_8uBQNR0LYh0L3Db,.4890351
R_2BeV377MIsuNARy,.41899809
R_2PnI3aeZ9M7AMh7,.47979605
R_dburWb7sgHtbZCN,.53868645
R_YbEQ9AmTeUDhPvX,.47979605
R_3OcYbA3gw377zq3,.47979605
R_3phwiFb8okdIeZf,.47979605
R_YQ9jCAf36qucGTT,.47979605
R_pPZ5hhHrBJdV7K9,3.0639312
R_xFd1BrqPe8pRoSl,.47979605
R_1gwtjjy7HQVA2nz,.47979605
R_oXBWvEIEKwIGiOt,.47979605
R_2schNR0jq7mJL9Z,.47979605
R_1py4qiGtVbBSVXO,.4890351
R_3nPIp5esF5QjJmF,.4890351
R_soEfj7oMG55AWuR,.53868645
R_3ly3PozdwNib3zl,.47979605
R_1eKMsBIVRjqUAcZ,.47979605
R_1qgD7MgzQyiCDh3,.47979605
R_3oGtqjCDfQr4uH5,.75627214
R_2YrEJEt6KHT33mS,.47979605
R_2BkOU2B32SjnYxd,.53868645
R_1jU339fqqjj63Sw,.47979605
R_QoHBhVeGbE1s1Hj,.47979605
R_1LG4rPtxd7dkTCU,.41899809
R_3PhQ05pLDU2oop8,.47979605
R_3RvXYTBY1Su4LjS,.47979605
R_1dKu6T1XXU6i6nP,1.0029936
R_1Tb86h7oFdZvmnf,.47979605
R_dhZwr9kOzLlA45r,.47979605
R_r9K7CElt3KzAfnj,.47979605
R_27iXriRCu70FePj,.53868645
R_3QKkdkqOb6hRzgW,.53868645
R_2S3mDldZENFpUsJ,.53868645
R_3CNI1MkVbOKYNcE,.53868645
R_3jeSrUTyO4jqyYO,.78014243
R_bE1zXqKQ6aCE9AR,1.3956149
R_3D0YyUhXNaKktSV,1.1221315
R_2Eaa3ucjy0vJiL5,1.3096992
R_1kYVCzOxlkRRXRW,.47979605
R_3J3s9mlunvm0phq,1.5981221
R_3j1ojdsse0ypt3N,.87589842
R_1GOBQlbXgpZgial,1.1437401
R_PAFZNYdVnlNEnYt,.84909785
R_0DkQswNM2bGEIdr,.89334339
R_2dSxJozXWsipatV,1.0029936
R_3DdWuiypNj7oFfj,2.0473883
R_u1yzCvqPmSdblux,.79516536
R_2B4peHsyuZi8rvu,.47979605
R_3fHPVTuc6NoZX6p,.77083498
R_12mWMKQlzSqq9EI,.47979605
R_2Bn73t0hLlfDD3l,.42706639
R_3qPUKAdx472JreE,.66044039
R_3KZpGtELZry1HDl,1.2598633
R_1NCjxx1gtysgPMM,.47979605
R_1jTbIxKfbDX4FLE,.74150324
R_2WOsh0DLjHD8wd5,.87589842
R_2ivAILpSjxlC7U5,.47979605
R_SUJoK1Ja8ZLRSox,.29999974
R_s6V3mSu9gTtmkut,.76448423
R_3NLkhkTnJg6h16D,1.4234111
R_3shqWK7tEf1CFwW,.47979605
R_33lIkFMMrxY574k,1.0029936
R_3htrst4NkVSIO0M,2.9358978
R_57vFcaiRnp1gjXH,1.1221315
R_3rNhtswUCsr8mW0,.47979605
R_tEz4FjzgTnVhH7H,.67315763
R_2YxjgHZ7F4PMIc2,.53868645
R_3KTInrY3ntbnoJM,1.0029936
R_2vdlgyaBcNMLnKG,.69596303
R_3qr4OWJt0VZeHy3,1.2598633
R_2RQZJxNcYCDX9X2,1.0326467
R_27mwwc8kVWoUylY,1.2598633
R_1jIGzFZ3Zi57UhB,.66044039
R_urYtQzJlX108s8N,.47979605
R_1eK5dSTqX2KYH7v,.53868645
R_bNrSow5lLHDE0ut,.47979605
R_1CJiDYvMuRaDvEu,.47979605
R_3KK5VwFQIklUqgF,.47979605
R_UncbdQnI9PSPavv,.47979605
R_1LvDtyEZZnc4Awt,.47979605
R_3ErODre8mNhZ4Xj,1.1185942
R_3nAAXj8cpD1JU6B,.53868645
R_2adtd1Qa30xft6N,.75627214
R_10BZeueV7wwBy7v,.47979605
R_2v8FlHhHgYCN4nV,.47042638
R_2XgFD4nTOXJy0nj,.78014243
R_2dhwphgEFe94pff,.67315763
R_2y8lkLe4Lq6pG6I,.42706639
R_3emeFLo3O0f4CvI,1.1437401
R_uh5p8jygufmpKDf,.64809698
R_82LttNTxIzRhVQd,1.4114956
R_pmTEC6bXghnRSil,.4890351
R_bO9jmeS5ZkvHZf3,.67315763
R_3Rehi5hHImy6f5S,.42706639
R_2BqEqivvvrHmGuV,.42706639
R_3nNpXhDU0eBG24w,.74150324
R_1lAiwsIMv0idXAa,1.5981221
R_31ct7QdUFiwI8Yg,2.8032799
R_SE2pectAM3hagfL,.41899809
R_324N4Nh5mujxxgN,.4505783
R_1f10REOdYTu0GRw,1.4426728
R_DTNjCXY6MY9rmIV,.64809698
R_1PXAHoYBgF9irhI,1.0029936
R_3Pk3FM4OOXUXi9P,.53868645
R_OJ3B5whSDQjgzF7,.87589842
R_12G35WAdIhIlxHr,.51595819
R_bKhPK5pPbnMhXzP,.67315763
R_1HeipsLWplL3d1j,.87589842
R_2dgVFB3TkdmxqSw,1.2598633
R_1hAxgdUKC9JSKuu,2.8032799
R_3G0Ob0zh0uDfBfM,.4505783
R_1Oq6m6E2F1Xi9aB,1.1437401
R_Oja5LqIpqWn2wZb,.53868645
R_3MGqAzVDAmnG8j0,3.0639312
R_3IWuIVX5uQ54xsG,.47979605
R_28IYmNOYD2ZNBcc,.78014243
R_3G1cyLhiHWyAVQi,.79516536
R_3n9kD35tbpCFheK,.4505783
R_sNHRmLhwo08a0WR,3.0639312
R_2ylrJ2jj9uPaOez,.47979605
R_zZNa5tqg7DrEpA5,.51595819
R_qWnoGvg3FZ6ZQgF,.84909785
R_1Kx3Eqv94BnE06m,3.0639312
R_OILXnGzvsS2xQIx,1.0029936
R_vHQ17Y94awhYp5D,.71792978
R_xmcgii4To39zfnb,.78014243
R_3kzdfFq5uvneL9c,.71792978
R_3O7addD3RyjnzOQ,.38144299
R_25KfVKR0J61hAsx,.47979605
R_12gVpKT0bcH9fuw,.66044039
R_Z1wEnJVG6pRLCM1,.77083498
R_1eWV26nReVeVzc5,.47979605
R_3JEGZz7sNZpSHiH,.87589842
R_3GiCI9GFFoj0vt7,.79516536
R_3shVMfRRGO8s01t,1.0029936
R_Apzae03WoW5DMfT,.47979605
R_3KBjqB7SRdMMVhK,1.0029936
R_294wY4og8JdoiJ4,.74150324
R_3jTpdloCiUOK4Q4,.47042638
R_2zIsjH7e9LRnUtD,2.0473883
R_tQHuc8gkuhsiKOd,.75627214
R_2qdSpxFG6ytZFOt,.67315763
R_x4KRyYslhP0vFXr,.91054606
R_339XsWG2pLA9Pd6,.75627214
R_217bjLQd8XnE5BM,1.2598633
R_qUcyJzsKXGw9u7f,1.4426728
R_1IsYFso4LcCx9RF,.47042638
R_eD1C98NqFdBSUSZ,1.2430423
R_3nNNyaX5MeDsHQU,.64809698
R_1OB0H1xSL2RXkW4,.47042638
R_23TQY4ePnYgE912,.77083498
R_279TzgornEGbGWk,.78014243
R_WxGnv2OMcCnT95v,.78014243
R_b4zre8N6IOpwOdP,1.9651426
R_2SpqdSpqzOE5SfU,.79516536
R_XXwg2EbkjY4KNrj,.89334339
R_AKFxT03PSXt99FT,.47979605
R_3jeZjZO5c9CskzW,.84909785
R_pc2LeHB5vRA9BKx,2.1728671
R_z0RbTPkmdKkbAHf,1.2598633
R_23f1QKhJtzbhb0f,.47979605
R_2VF3vI266anYlJR,.47979605
R_WvTe6epb8Mrd5Yd,.75627214
R_6ysdONBVEFh2iAh,.53868645
R_3WqkJHfVQU4oSQ1,1.0029936
R_1kT76IFBK8KFdhj,1.0326467
R_UMl4FMmNpjO3kMp,2.8804324
R_TjEU4NRBwTuRdmh,.74150324
R_2dF3ohAqx6Pw2je,.87589842
R_AdIfXZ5fcd49OZb,1.2598633
R_3MM2lsDF08pImAZ,.47042638
R_1mPl1G8Iz2usNzm,1.055437
R_25GSqIGtsSJlpE9,.66044039
R_WjwYYXQARrUVjDr,1.2567066
R_3Oqfsmw4EgWCMPF,.47979605
R_z6hns1wRTr7PGRX,.75627214
R_2U4WihYTWlYX00o,.42706639
R_Adr6FBSAiqqU6Ot,1.4396087
R_OrGbkTGLh0MCQgN,.41899809
R_OEkV7d3nvSoifbr,.47979605
R_2ivHdfOZlj4LGaR,2.8804324
R_2wccFRn7ZLQC6s4,1.8274112
R_2CDr44nddtRPfHJ,.47979605
R_32QOnx1tTe6DSyo,.47979605
R_27qxJUBJskrT6wR,.53868645
R_rkjM4UcjDVmuv1D,.47979605
R_2TMmInoJnYVClKz,1.218721
R_RqrHE4thvNBwzip,.41899809
R_1ocXM8zRTQzpz53,.47979605
R_1MQBaGtegBlaxRy,.47979605
R_27ON46QDEr70iIq,.4890351
R_2tlivbwEGRtkBv0,.53868645
R_2fKgz1n1S8Ptyak,.47979605
R_3fNR9u2oEvMnoK1,.47979605
R_upQEwGB1aDlgpJT,.47979605
R_DAB6Q2gEqpZ24y5,.84909785
R_2ZIhLVB35rwvqXc,.47979605
R_Q5MEubszGWO4ldT,.53868645
R_2xx8lYaI2lHAoHL,.47979605
R_1HesIlSEW6tVU5f,.47979605
R_3D0k12EmP8TE5mp,.47979605
R_1cZBes0NhherfZy,.4890351
R_3PIcCWVZ7XPvkxQ,.4890351
R_334pYCY1JT4ZNXH,.53868645
R_2XiBo0jToY9Ze2K,.79516536
R_1jNVMPGGW4lY6QM,1.0642893
R_3k6OrH2wrtgtZO0,1.8223808
R_1gkkGUBvr8dcP2d,.76448423
R_zYGmtVZR5IFi9W1,1.4426728
R_1M3T2IgNpKlEcJG,1.8274112
R_2xRynxXXQJFyVYg,1.7879515
R_2Vwj6c7AB1X6iSP,.53868645
R_3GCm70XRJf9Dwkz,.53868645
R_2yjUirkE9OjppQt,.47979605
R_32LdiGXA66TkYtk,.72582173
R_1PedY3vdmkpdaOG,.41899809
R_3GuFAZJXhQvJO7L,2.0473883
R_etZ5aOjAB6uDCvL,1.0974615
R_D30m27EhQCNCeU9,.66044039
R_2Vr0OW34JSGxYMA,.75627214
R_2WG9Yb95xDzRqKG,.47042638
R_b2XDs3E0mg4KO1r,.47979605
R_2VIb1NC7r3KLKPv,.75627214
R_2dY1iS4329yJHAq,.75627214
R_2A07j9A6hZgHfuR,.84909785
R_1d49gdLfiPqI8Xv,.79516536
R_10uX0cMmF9lEzQB,1.0326467
R_Ow1PjSplRc5Oc9j,1.2430423
R_3HLlvXNZkCbQoZV,.75627214
R_3neFxqNIg4T9y7r,.83145857
R_1gqMUa6XDMC7KrO,2.1728671
R_3Lb6jR5qWEecTOd,1.2430423
R_1r86tgYL1FKse5g,.53868645
R_OHZi0DUf2xw8Jl7,.53868645
R_28MdiPdxhjsNvoG,.47979605
R_3RgdBHCMdCYdRty,.47979605
R_d5SI57SiaSq7ep3,.66044039
R_2QWzDa3z0PjJ4fF,.75627214
R_1FYVr68m5SDmAnf,.75627214
R_2R9BBrN5LaEaeoo,2.9358978
R_31AvFQhprwRn6gc,.74213773
R_3pa26P4XQ5Ed3Sv,.47979605
R_2YE7RMsdWS8g3uP,.47979605
R_3fGXjj4d3aedELg,.47979605
R_3p2L2iQU7ct0Cqq,.47979605
R_31FohdPPHf8aTss,.87589842
R_3huAyapiSVyvpig,1.2963722
R_3nMdmSb9DP6DX9C,.53868645
R_2ridzPXi1eqnvvb,.75627214
R_dg944ApcCQTv281,.53868645
R_3fUxiOjX6rG6bGG,1.2050077
R_2X1b8QFmMpnh2Vd,.84909785
R_3QKxgEZQcdNE50Z,1.0029936
R_3dKvpdv3JuuXygX,.47979605
R_PzAEQcb7cCFyaFr,.47979605
R_2uBTlu6BNPKTA9z,.47979605
R_0AIWWQVruNJCvuN,.47979605
R_2e9EhoOIZQVyXG8,.75627214
R_1ovTtbir3Ly1sPe,.76448423
R_3vFPPAQ5K6bu8KJ,.47979605
R_26b96ltvul3Gnt0,.75627214
R_3CDTzC80kjHXuAb,.47979605
R_DoVdehDlkVoHrah,.47979605
R_3m8YUvuv4C3rhCP,.76448423
R_1mCV0n6ryFxzhvd,.53868645
R_0VxpG52CdxEzu1P,.53868645
R_1illDn3me0FH6as,.75627214
R_2sRQ36a3JOsSjrb,.47979605
R_2VkhqcVmaJVdp0K,.75627214
R_3qUsYTHrFw1qStv,.47979605
R_xz2MaLNkN7bjfIl,.47979605
R_3NwH1YIroEEc7xP,.75627214
R_Zlv2V61pdf4RCdX,.75627214
R_2xY96Z3jGfrsPUJ,.53868645
R_bPkkgSLLQJaXVst,.47979605
R_O9WzH4anwuGswyR,1.2050077
R_2SqQoynU9ZBTZTZ,.47979605
R_0oWkTw834SQQXSh,.79728281
R_3qQd4pz1nSMnq7I,.84909785
R_3O0nRzdlcrtv8wc,.53868645
R_BJ9rNq4aLBKh47T,.53868645
R_plMUBrJncWHZzk5,.84909785
R_ac4rt9zRVSotgLT,.47979605
R_3EBax9RyN84ixit,1.0974615
R_XTdlplDVviEInRv,.89334339
R_UmybOsDy1IsAJP3,.41899809
R_3izrIahyn3oS2Cu,.47979605
R_x45WECZDekNDp2V,.47979605
R_3O8mApB9oOIWUpp,3.0639312
R_3Ehv3APWkOKbUVV,1.2849567
R_29bS63cNlADMQ45,.47979605
R_3lAA29LhQj2RcKG,.4890351
R_ahOyxivxyfZ8x57,.74150324
R_1Lh5s1NQpBsCkNz,.47042638
R_9n5iYS8vYd4siop,3.0639312
R_2VyGXR85oCwZITa,3.0639312
R_3PpAZScv3obBtoq,1.0029936
R_1dhumeEu77ItDOG,1.4426728
R_RKOFXSCE0hvZduh,.47979605
R_1q32jybA6rxnpP9,.47979605
R_1Qi24RIMF6Mh1H3,1.0029936
R_2y9NDiTjZpeqI34,.47979605
R_3l9j45fKWm8Fidb,.79728281
R_1ffRom0TE7NZ8AI,.53868645
R_3Kx6qzidiOObAJg,.47979605
R_1FFMEJiMCHkBb4l,.47979605
R_UooW4PWPYeTVPdn,1.0974615
R_W6DvnAkWN512J4B,.74150324
R_2EbjkSdQm5HObK0,1.4528114
R_1OVaKqHcjR1RmTC,.4890351
R_3O9zqmrmR2MiLCp,.75627214
R_3dErzv7XMVz98lJ,1.2567066
R_3saESjKeFbgcns7,.47979605
R_1n7TcTC7rVKsm2G,.53868645
R_3flvrwuuWcpaawn,.79728281
R_1oAsqajfD24VXUh,1.0029936
R_3KTUDvAZpNZU2b7,1.1824869
R_1EYwlJ6P9jDFfnH,.76448423
R_2uR7ISyXhJGkVQD,.47979605
R_2tfFPJEMxIT9mLW,1.5981221
R_1DMtkbmVz6R6n75,1.0029936
R_2fm7uxdNYgKzPmp,1.5958486
R_2pPuD7bEZuGI4aZ,1.0769507
R_DqaP7ZM2xyTG0yl,1.3956149
R_3LhyVAuWOVYThqT,.38144299
R_x3K6YAm4jQqDudH,.47979605
R_1Xnot0BAJUNSj6h,.47979605
R_1oFtFoGbdKkitC8,.89334339
R_30jCJe7mIRqOoRK,.75627214
R_2RWZEaZiNyvGhun,3.0639312
R_5h8eAyp4EUNmv6x,1.410956
R_3szdq3rEVk1YfHl,.53868645
R_290NGJLDNCMgjK5,.4505783
R_1eEQ1izV6oJkxDh,.41899809
R_b8lE5h7bj1DhyVj,1.1221315
R_1EfUCNEJT4OLfAB,2.9951148
R_2pPrGBoPvH9UarE,.47979605
R_1Iv15L8goQVcle9,.78014243
R_stjqEuu5TqhzFIJ,.84909785
R_2EcoXhQ9KEcQDHG,.47979605
R_3CIVrWqY71fkIDB,.89334339
R_2QPtiqZTBTHzcKV,.47979605
R_rdUuhzDuCrAhwxr,.51595819
R_2aPqOmmDz8yZx8y,1.2849567
R_1eVSyvW7cG35uFS,.47979605
R_1gRsp8vdw6b7LRa,.4890351
R_1po1ZyoKszB7LjN,.47979605
R_1DAMITjDBWBUYb9,1.0523143
R_1gw2YJ9Tgr1rAec,.47979605
R_2YLhfYPyEOfI2go,1.0326467
R_3MoLJfJBYd6j1la,.72609931
R_1OBnAgLPoWNCxty,.64809698
R_26eGtfVqsG3keug,1.2430423
R_2thtA3kgkdjAG26,.47979605
R_RFgyeEAFK2gpHEt,1.2598633
R_p6HUByV7T58ZyI9,.47979605
R_3CBIlDnaYeegLqr,.75627214
R_3RqQHfNcJ4PBdCM,3.0639312
R_2xL9XgpsTV6hfK4,3.0639312
R_3gNGnIdRrbcshVa,.47979605
R_2TB4Bbr52a5ogXr,2.5154345
R_27BfZWPeu9cYQCc,.87589842
R_1PRzJ7c8HJIUqXH,.75627214
R_ZJp9BvoKtmsC90Z,.47979605
R_1Lj57r5oPVqr2yM,.78014243
R_2CHZQGQDgNVryP3,.84909785
R_1n6MTKIwd4P4JIb,1.1437401
R_20PxDRn2dxTaCtD,.67315763
R_3qxOOefEDxULHVd,.74150324
R_3GE8lKYVU6muXrd,.74213773
R_29c5k08ekaCr9Je,.87589842
R_1Lj0EtCaS8ckvjd,.41899809
R_1o0CeUIzTyBB1bL,1.1437401
R_3aDvcE0QQ0NQEP7,.47979605
R_2dWOdm3dUKgECWr,.47979605
R_OjrlDmanZleUtfr,.47979605
R_b9hDmyvKjAfZPm9,.47979605
R_3p6dhzbOECgVZGH,.75627214
R_1r7m4OKeRS0cNeg,1.2430423
R_x63HGEFRRZoQRnb,.53868645
R_276Zo4Ir9FiIPIx,.87589842
R_2OTose4t9H1Fvul,.42706639
R_3HGhDEsKkpVjY6A,.74150324
R_2uWYUrdHVCZ9H3E,1.1221315
R_1QhnDTvKLeWWIIE,.84909785
R_2zBWANe1zGUdpKj,.78014243
R_10qSBFO8qZh83iD,1.1824869
R_xlv0dlOGVtUQg6Z,.67315763
R_UsRmWedHOwMQ545,1.1437401
R_vi9te6X3aoV8BDr,1.2598633
R_1eQ4qyDLUMVgEUZ,.78014243
R_1eJHSwYoCCHVkcS,.66044039
R_3g11uCerxRMxiHa,.75627214
R_1EXLpZcDyZli23r,.53868645
R_xnkOxJFcyLkIKdj,.75627214
R_3CZquUjNOawkJj3,.79728281
R_1NFAxytWcEIhxpi,.53868645
R_5nmm1alwoBtl6Ap,.53868645
R_24uab4wxjSkBlmw,.53868645
R_2EfQW7A5JeHLQnF,1.4426728
R_3k1EfsxMPlPxthY,.53868645
R_OegDdc3EkSMDnNL,.84909785
R_3kM8psZjvEILlfk,.84909785
R_cAuN4xuM4gui6Bj,.47979605
R_3CVj3uPn20WZywe,1.2849567
R_1KwrjKFc8Y7XzbP,.79516536
R_1OIWfCa8hnUfFOE,.66044039
R_1rGOvcGVRtwEVZ0,1.1437401
R_216q6LB08bZKFLF,2.9951148
R_22zCF10rNz7pH87,2.9951148
R_2w7dDJGDJhILw4x,.41899809
R_3dWCKHqe8qyl7Xl,.53868645
R_2ylM2r3HAYLf1DM,1.1437401
R_vSRJCgyf4NgRNVD,.71792978
R_vDqdyXDXWYJjKkF,.47042638
R_3aeIjR2s7lUnc1r,2.9951148
R_1Lkw7SW8tl68ODk,2.5154345
R_1CHCIf3DkZhllJo,1.86466
R_3DoL2UH7mgeBK8G,.41899809
R_3fUZ8QCxgs1a7Zh,1.410956
R_2fjJ9tfOVgxA0dz,.91054606
R_3MSbtL8ZlZjAAuq,.79516536
R_1mFemi2WtPDWMUt,.66044039
R_bmcFAjYELC1JJJL,3.0639312
R_1nMzAKki6thCSrl,.74150324
R_YSPwwXSz4HGYE81,.64809698
R_29ijX0dbFzYFS3w,.84909785
R_3qI45gVv9VZiICN,.29999974
R_24CnmQPcKBf39ZO,.74150324
R_2Wv4JUiOufKQQU8,.79516536
R_szn2tJr8iD8u10Z,1.2050077
R_yItVz7hnfrvF3R7,.47979605
R_3hAMJuv4jzaLqqJ,1.2050077
R_20VunFs5RiLWkcB,.53868645
R_2WAL4VXIzfqFaDa,.53868645
R_TjXrlIUBuJ6yaHL,1.2849567
R_12EypOb1IIYlEuG,.43679139
R_2RO1fkXNCrb4Vrl,.75627214
R_2WYZ6dpWKU3bazb,.84909785
R_UDsqZBKO3QZ7yRX,1.4844801
